{
    "backend": "django",
    "db_name": "",
    "db_pass": "",
    "db_type": "sqlite",
    "db_user": "",
    "dbms": "1",
    "description": "generated product",
    "design": "pixel-bootstrap-pro",
    "docker": "1",
    "err_code": 0,
    "frontend": "",
    "heroku": "0",
    "pattern": "mvc",
    "pro": "1",
    "task_id": "9e86e5b5-4d7e-4220-b7fa-8e91ed0f885f",
    "task_info": "Task is finished",
    "task_output": "9e86e5b5-4d7e-4220-b7fa-8e91ed0f885f.zip",
    "task_result": "SUCCESS",
    "task_state": "FINISHED",
    "task_ts_end": "2022-06-13-20-11-09",
    "task_ts_start": "2022-06-13-20-08-20"
}